{
  "modelName": "CandleSense Pro",
  "version": "3.2.4",
  "modelType": "candlestick-pattern-recognition",
  "architecture": {
    "type": "temporal-convolutional",
    "backbone": "ResNet1D-18",
    "attentionMechanisms": [
      {
        "type": "multi-head",
        "heads": 4,
        "keyDim": 32
      }
    ],
    "featureExtractors": [
      {
        "name": "body-ratio",
        "type": "learnable-wavelet"
      },
      {
        "name": "wick-analysis",
        "type": "morphological"
      }
    ],
    "classifierHead": {
      "type": "hierarchical",
      "levels": [
        {
          "name": "pattern-family",
          "units": 8,
          "activation": "gelu"
        },
        {
          "name": "specific-pattern",
          "units": 32,
          "activation": "softmax"
        }
      ]
    }
  },
  "patternDefinitions": {
    "reversalPatterns": {
      "bullish": [
        "Hammer",
        "InvertedHammer",
        "BullishEngulfing",
        "PiercingLine",
        "MorningStar"
      ],
      "bearish": [
        "HangingMan",
        "ShootingStar",
        "BearishEngulfing",
        "DarkCloudCover",
        "EveningStar"
      ]
    },
    "continuationPatterns": {
      "bullish": [
        "RisingThreeMethods",
        "MatHold"
      ],
      "bearish": [
        "FallingThreeMethods",
        "OnNeck"
      ]
    },
    "specialPatterns": [
      "Doji",
      "DragonflyDoji",
      "GravestoneDoji",
      "Marubozu"
    ]
  },
  "trainingConfig": {
    "dataset": {
      "size": "1.8M candle sequences",
      "timeRange": "1995-2024",
      "markets": ["FX", "Equities", "Crypto"],
      "augmentations": [
        "volatility-scaling",
        "time-warping",
        "noise-injection",
        "synthetic-patterns"
      ]
    },
    "hyperparameters": {
      "learningRate": {
        "initial": 0.001,
        "schedule": "one-cycle",
        "maxLR": 0.005
      },
      "batchSize": 256,
      "epochs": 150,
      "validationSplit": 0.2
    },
    "lossFunctions": {
      "primary": "focal-loss",
      "secondary": [
        "temporal-consistency",
        "wick-symmetry"
      ],
      "regularization": {
        "spatialDropout": 0.3,
        "l2": 0.001
      }
    }
  },
  "inputSpecification": {
    "candleFormat": {
      "dimensions": ["open", "high", "low", "close"],
      "normalization": "percentage-body",
      "contextWindow": 5
    },
    "requiredFeatures": [
      {
        "name": "bodyRatio",
        "calculation": "(close-open)/range"
      },
      {
        "name": "upperWick",
        "calculation": "(high-Max(open,close))/range"
      },
      {
        "name": "lowerWick",
        "calculation": "(Min(open,close)-low)/range"
      }
    ],
    "sequenceLength": 5,
    "minimumQuality": {
      "missingData": 0,
      "outlierThreshold": 4.0
    }
  },
  "outputSpecification": {
    "patternDetection": {
      "type": "hierarchical",
      "levels": [
        {
          "name": "patternClass",
          "type": "categorical",
          "classes": ["reversal", "continuation", "indecision"]
        },
        {
          "name": "specificPattern",
          "type": "multi-label",
          "confidenceThreshold": 0.7,
          "maxPredictions": 2
        }
      ]
    },
    "contextAnalysis": {
      "location": {
        "type": "ordinal",
        "values": ["trend-start", "trend-mid", "trend-end"]
      },
      "reliability": {
        "type": "continuous",
        "range": [0, 1]
      }
    }
  },
  "dynamicFeatures": {
    "marketContext": {
      "volatilityAdjustment": true,
      "volumeConfirmation": true,
      "timeframeScaling": {
        "intraday": 1.3,
        "daily": 1.0,
        "weekly": 0.8
      }
    },
    "patternValidation": {
      "minimumBodyRatio": 0.2,
      "maximumWickRatio": 0.8,
      "sequenceConsistency": 0.6
    }
  },
  "performanceMetrics": {
    "recognitionAccuracy": {
      "backtest": 0.91,
      "live": 0.87
    },
    "predictiveValue": {
      "reversalPatterns": 0.76,
      "continuationPatterns": 0.82
    },
    "falseSignalRate": 0.18
  },
  "tradingRules": {
    "confirmationRequirements": [
      "patternScore > 0.8",
      "volume > 1.3x average",
      "contextMatch > 0.7"
    ],
    "entryConditions": {
      "reversal": "nextOpen confirmation",
      "continuation": "breakout confirmation"
    }
  },
  "compatibility": {
    "timeframes": ["1m", "5m", "15m", "1h", "4h", "1d"],
    "requiredIndicators": ["ATR", "VolumeMA"],
    "resourceRequirements": {
      "minimumRAM": 256,
      "processingLatency": "80ms"
    }
  },
  "created": "2023-08-12",
  "lastUpdated": "2024-02-18",
  "author": "TradeTellerAI Candle Research",
  "license": "Proprietary"
}