{
  "modelId": "pattern-master-pro-v5",
  "displayName": "PatternMaster Pro",
  "category": "geometric-pattern-recognition",
  "purpose": "Multi-scale pattern detection with probabilistic completion tracking and target projection",
  "technicalSpecifications": {
    "recognitionMethod": "Deep Convolutional Neural Network",
    "patternTypes": {
      "continuation": ["Flag", "Pennant", "Triangle", "Wedge"],
      "reversal": ["HeadAndShoulders", "DoubleTop/Bottom", "Rounding"],
      "harmonic": ["Gartley", "Butterfly", "Crab"],
      "candle": ["Engulfing", "MorningStar", "Hammer"]
    },
    "detectionParameters": {
      "minimumPatternLength": 5,
      "maximumPatternLength": 50,
      "slopeTolerance": 0.15,
      "symmetryThreshold": 0.25,
      "volumeConfirmation": 0.6
    },
    "timeframeBehavior": {
      "scalingRules": {
        "intraday": 1.2,
        "daily": 1.0,
        "weekly": 0.8
      },
      "optimalTimeframes": ["15m", "1h", "4h", "1d"]
    }
  },
  "versionHistory": [
    {
      "version": "4.0",
      "date": "2022-10-10",
      "changes": "Basic CNN pattern detection"
    },
    {
      "version": "4.5",
      "date": "2023-05-15",
      "changes": "Added harmonic patterns"
    },
    {
      "version": "5.0",
      "date": "2024-01-05",
      "changes": "Multi-scale attention architecture"
    }
  ],
  "inputRequirements": {
    "dataFormats": [
      {
        "type": "price",
        "fields": ["open", "high", "low", "close"],
        "normalization": "percentage-change",
        "minimumBars": 50
      },
      {
        "type": "volume",
        "normalization": "log-returns"
      },
      {
        "type": "time",
        "features": ["session", "weekday", "month"]
      }
    ],
    "qualityThresholds": {
      "maximumGaps": 2,
      "outlierLimit": 3.5,
      "minimumContinuity": 0.9
    }
  },
  "outputSpecification": {
    "primaryOutputs": [
      {
        "name": "patternType",
        "type": "multi-class",
        "confidenceThreshold": 0.65,
        "classes": 25
      },
      {
        "name": "completionStage",
        "type": "ordinal",
        "stages": ["forming", "confirmed", "completed"]
      }
    ],
    "secondaryOutputs": [
      {
        "name": "projectedTargets",
        "type": "regression",
        "units": ["R1", "R2", "S1", "S2"],
        "confidenceIntervals": [0.7, 0.9]
      },
      {
        "name": "invalidatedIf",
        "type": "conditional",
        "conditions": ["volume<0.8x", "time>2xAvg"]
      }
    ]
  },
  "performanceBenchmarks": {
    "backtesting": {
      "period": "2010-2023",
      "recallRate": 0.87,
      "falsePositiveRate": 0.13,
      "patternCompletionAccuracy": 0.82
    },
    "liveTesting": {
      "targetAchievement": 0.76,
      "earlyBreakoutRate": 0.19,
      "averageHoldTime": "2.8 days"
    }
  },
  "marketConditions": {
    "optimalConditions": {
      "trendingMarkets": 0.91,
      "normalVolatility": 0.88,
      "highLiquidity": 0.89
    },
    "challengingConditions": {
      "choppyMarkets": 0.62,
      "extremeVolatility": 0.55,
      "lowLiquidity": 0.58
    }
  },
  "integration": {
    "requiredIndicators": ["ATR", "VolumeMA"],
    "recommendedPairings": ["Fibonacci", "PivotPoints"],
    "conflictsWith": ["KeltnerChannels"],
    "resourceRequirements": {
      "minimumRAM": 512,
      "recommendedRAM": 1024,
      "processingLatency": "200ms"
    }
  },
  "usageGuidelines": {
    "tradingRules": {
      "entry": [
        "patternScore > 0.8",
        "volume > 1.5x average",
        "stage = 'confirmed'"
      ],
      "exit": [
        "target1 reached",
        "pattern invalidation",
        "time expiration"
      ]
    },
    "riskManagement": {
      "initialStop": "pattern extreme",
      "positionSize": "0.5-2% risk"
    }
  },
  "maintenance": {
    "retrainingCycle": "quarterly",
    "patternLibraryUpdates": "biannual",
    "performanceDecayAlert": 0.15
  },
  "references": {
    "researchPapers": [
      "Deep Learning for Chart Pattern Recognition (Lo et al., 2020)",
      "Geometry of Financial Markets (Pesavento, 2012)"
    ],
    "patternReferences": [
      "Encyclopedia of Chart Patterns (Bulkowski)",
      "Harmonic Trading (Carney)"
    ]
  },
  "author": "TradeTellerAI Pattern Research",
  "contact": "pattern-support@tradeteller.ai",
  "license": "Proprietary - Pattern Library Confidential"
}