{
  "modelName": "PatternMaster Pro",
  "version": "5.1.3",
  "modelType": "geometric-pattern-recognition",
  "architecture": {
    "type": "multi-scale-cnn",
    "backbone": "EfficientNetV2",
    "attentionModules": ["CBAM", "Self-Attention"],
    "featurePyramid": {
      "scales": [0.5, 1.0, 2.0],
      "channels": [64, 128, 256]
    },
    "heads": [
      {
        "name": "pattern_classifier",
        "type": "dense",
        "layers": [512, 256],
        "activation": "swish"
      },
      {
        "name": "confidence_estimator",
        "type": "probabilistic",
        "distribution": "beta"
      }
    ]
  },
  "patternLibrary": {
    "continuationPatterns": [
      "Flag",
      "Pennant",
      "Triangle",
      "Wedge",
      "Rectangle"
    ],
    "reversalPatterns": [
      "HeadAndShoulders",
      "DoubleTop/Bottom",
      "TripleTop/Bottom",
      "Rounding",
      "Diamond"
    ],
    "candlePatterns": [
      "Engulfing",
      "Harami",
      "Morning/EveningStar",
      "PiercingLine",
      "DarkCloudCover"
    ],
    "customPatterns": [
      "ElliottWave",
      "Gartley",
      "Butterfly",
      "Crab"
    ]
  },
  "trainingConfig": {
    "dataset": {
      "size": "2.4M samples",
      "timeRange": "2000-2024",
      "markets": ["Forex", "Stocks", "Crypto", "Commodities"],
      "augmentations": [
        "time-warping",
        "volatility-scaling",
        "noise-injection"
      ]
    },
    "hyperparameters": {
      "learningRate": {
        "initial": 0.0005,
        "schedule": "cyclic",
        "range": [0.0001, 0.001]
      },
      "batchSize": 96,
      "epochs": 300,
      "validationSplit": 0.15
    },
    "lossFunctions": {
      "classification": "focalLoss",
      "localization": "iouLoss",
      "regularization": {
        "l2": 0.001,
        "dropout": 0.4
      }
    }
  },
  "inputSpecification": {
    "dataFormats": [
      {
        "type": "ohlcv",
        "normalization": "percent-change",
        "lookbackWindow": 50
      },
      {
        "type": "volume",
        "normalization": "log-returns"
      },
      {
        "type": "timeFeatures",
        "components": ["session", "weekday", "month"]
      }
    ],
    "preprocessing": [
      "missing-data-imputation",
      "outlier-clipping",
      "sequence-alignment"
    ]
  },
  "outputSpecification": {
    "patternDetections": [
      {
        "name": "patternType",
        "type": "multi-label",
        "confidenceThreshold": 0.65,
        "maxPredictions": 3
      },
      {
        "name": "boundingBox",
        "type": "regression",
        "coordinates": ["startX", "startY", "endX", "endY"]
      },
      {
        "name": "completionStage",
        "type": "ordinal",
        "stages": ["forming", "confirmed", "completed"]
      }
    ],
    "performanceMetrics": [
      {
        "name": "projectedTarget",
        "type": "regression",
        "confidenceInterval": 0.9
      },
      {
        "name": "invalidatedLevel",
        "type": "probability"
      }
    ]
  },
  "dynamicFeatures": {
    "marketContext": {
      "volatilityAdjustment": true,
      "liquidityFiltering": true,
      "timeframeScaling": true
    },
    "patternParameters": {
      "slopeTolerance": 0.15,
      "timeSymmetry": 0.25,
      "volumeConfirmation": 0.6
    }
  },
  "performanceStats": {
    "backtesting": {
      "accuracy": 0.87,
      "precision": 0.89,
      "recall": 0.85,
      "profitFactor": 1.92
    },
    "liveResults": {
      "patternCompletionRate": 0.83,
      "targetAchievement": 0.76,
      "falseBreakoutRate": 0.21
    }
  },
  "tradingRules": {
    "entryConditions": [
      "patternScore > 0.8",
      "volumeConfirmation > 1.5x",
      "contextAlignment"
    ],
    "exitConditions": [
      "targetReached(1.5R)",
      "patternInvalidation",
      "timeExpiration"
    ]
  },
  "compatibility": {
    "timeframes": ["5m", "15m", "1h", "4h", "1d"],
    "instruments": ["any"],
    "hardware": {
      "minimum": "WebGL2",
      "recommended": "WASM SIMD"
    }
  },
  "created": "2023-03-15",
  "lastUpdated": "2024-03-01",
  "author": "TradeTellerAI Pattern Lab",
  "license": "Proprietary"
}