{
  "modelId": "adaptive-ema-pro-v4",
  "displayName": "Adaptive EMA Pro",
  "category": "trend-analysis",
  "purpose": "Dynamic EMA-based trend detection with volatility-adjusted parameters and support/resistance identification",
  "technicalSpecifications": {
    "coreAlgorithm": "Temporal Convolutional Network (TCN) + GRU",
    "emaConfigurations": {
      "basePeriods": [9, 20, 50, 100, 200],
      "adaptiveRange": [0.8, 1.5],
      "volatilityWindow": 14,
      "priceSources": ["close", "typical", "weighted"]
    },
    "timeframeOptimization": {
      "optimal": ["15m", "1h", "4h"],
      "acceptable": ["5m", "1d"],
      "requiresAdjustment": ["1m", ">1d"]
    },
    "signalGeneration": {
      "trendConfirmation": {
        "requiredEMAs": 3,
        "alignmentThreshold": 0.75
      },
      "supportResistance": {
        "clusterTolerance": 0.5,
        "minimumTests": 3
      }
    }
  },
  "versionHistory": [
    {
      "version": "3.1",
      "date": "2022-08-12",
      "changes": "Basic multi-EMA architecture"
    },
    {
      "version": "3.5",
      "date": "2023-04-20",
      "changes": "Added volatility adaptation"
    },
    {
      "version": "4.0",
      "date": "2024-01-10",
      "changes": "TCN+GRU hybrid architecture"
    }
  ],
  "inputRequirements": {
    "minimumHistory": "200 periods",
    "requiredFeatures": [
      {
        "name": "priceData",
        "fields": ["open", "high", "low", "close"],
        "normalization": "z-score"
      },
      {
        "name": "volumeData",
        "processing": "volume-profile-buckets"
      },
      {
        "name": "timeData",
        "fields": ["session-markers", "holiday-flags"]
      }
    ],
    "dataQuality": {
      "maximumGap": "2 periods",
      "allowedStdev": 3.5,
      "missingData": "interpolate"
    }
  },
  "outputSpecification": {
    "primaryOutputs": [
      {
        "name": "trendScore",
        "type": "continuous",
        "range": [0, 1],
        "interpretation": {
          "0-0.3": "no trend",
          "0.3-0.6": "developing",
          "0.6-0.8": "established",
          "0.8-1.0": "strong"
        }
      },
      {
        "name": "keyLevels",
        "type": "object",
        "structure": {
          "support": ["S1", "S2", "S3"],
          "resistance": ["R1", "R2", "R3"]
        }
      }
    ],
    "secondaryOutputs": [
      {
        "name": "reversalRisk",
        "type": "probability",
        "timeHorizon": "next 3-5 periods"
      },
      {
        "name": "optimalPeriods",
        "type": "array",
        "length": 5,
        "description": "Dynamic EMA periods adjusted for current volatility"
      }
    ]
  },
  "performanceBenchmarks": {
    "backtesting": {
      "period": "2015-2023",
      "trendCapture": 0.89,
      "falseSignals": 0.12,
      "sharpeRatio": 1.72
    },
    "liveTesting": {
      "winRate": 70.4,
      "profitFactor": 1.95,
      "maxDrawdown": 7.8
    }
  },
  "marketConditions": {
    "bestPerformance": {
      "strongTrends": 0.93,
      "highLiquidity": 0.91
    },
    "challenges": {
      "choppyMarkets": 0.59,
      "gapOpenings": 0.52,
      "newsEvents": 0.48
    }
  },
  "integration": {
    "requiredIndicators": ["ATR", "VolumeProfile"],
    "recommendedPairings": ["MACD", "RSI"],
    "conflictsWith": ["ParabolicSAR", "KeltnerChannels"],
    "resourceUsage": {
      "minimumRAM": 256,
      "recommendedRAM": 512,
      "processingLatency": "120ms"
    }
  },
  "usageGuidelines": {
    "tradingRules": {
      "entry": [
        "trendScore > 0.7",
        "3+ EMAs aligned",
        "volume > 1.2x average"
      ],
      "exit": [
        "trendScore < 0.4",
        "reversalRisk > 65%",
        "keyLevel breached"
      ]
    },
    "riskParameters": {
      "stopLoss": "1.25x ATR",
      "positionSizing": "volatility-adjusted"
    }
  },
  "maintenance": {
    "retrainingCycle": "8 weeks",
    "dataDriftMonitoring": {
      "threshold": 0.2,
      "metrics": ["KL-divergence", "EMD"]
    },
    "versionDeprecation": "12 months"
  },
  "references": {
    "researchBasis": [
      "Adaptive Moving Averages (Kaufman, 1998)",
      "TCNs for Financial Time Series (Borovykh et al., 2017)"
    ],
    "whitePaper": "Dynamic EMA Fusion for Trend Trading (TradeTellerAI, 2023)"
  },
  "author": "TradeTellerAI Quantitative Research",
  "contact": "models-support@tradeteller.ai",
  "license": "Proprietary - Strictly Confidential"
}