{
  "modelName": "Adaptive EMA Pro",
  "version": "4.0.2",
  "modelType": "trend-following",
  "architecture": {
    "type": "multi-head",
    "heads": [
      {
        "name": "trend_detector",
        "type": "tcn",
        "layers": [
          {
            "filters": 64,
            "kernelSize": 3,
            "dilationRate": 1,
            "activation": "elu"
          },
          {
            "filters": 32,
            "kernelSize": 2,
            "dilationRate": 2
          }
        ]
      },
      {
        "name": "volatility_adjuster",
        "type": "gru",
        "layers": [
          {
            "units": 32,
            "returnSequences": false
          }
        ]
      }
    ],
    "fusion": {
      "type": "dynamic_weighting",
      "activation": "sigmoid"
    }
  },
  "emaConfigurations": {
    "corePeriods": [9, 20, 50, 100, 200],
    "adaptiveSmoothing": {
      "enabled": true,
      "volatilityWindow": 14,
      "sensitivityRange": [0.8, 1.5]
    },
    "priceSources": ["close", "typical", "weighted"],
    "crossValidation": {
      "primary": "20EMA",
      "secondary": "50EMA",
      "tertiary": "100EMA"
    }
  },
  "trainingConfig": {
    "dataset": {
      "size": "850K samples",
      "timeRange": "2010-2024",
      "instruments": ["FX", "Commodities", "Indices"]
    },
    "hyperparameters": {
      "learningRate": {
        "initial": 0.001,
        "decay": "cosine"
      },
      "batchSize": 128,
      "epochs": 200,
      "validationSplit": 0.2
    },
    "lossFunctions": {
      "main": "focalLoss",
      "auxiliary": "volatilityMAE"
    },
    "regularization": {
      "l2": 0.01,
      "dropout": 0.3
    }
  },
  "inputFeatures": [
    "priceDelta",
    "volumeProfile",
    "volatilityIndex",
    "emaSpread",
    "timeOfDay",
    "marketState"
  ],
  "outputSignals": {
    "trendStrength": {
      "type": "continuous",
      "range": [0, 1],
      "interpretation": {
        "0-0.3": "weak",
        "0.3-0.7": "developing",
        "0.7-1.0": "strong"
      }
    },
    "supportLevels": {
      "type": "multi-class",
      "classes": ["S1", "S2", "S3", "none"]
    },
    "reversalProbability": {
      "type": "probability",
      "timeHorizon": "next 5 candles"
    }
  },
  "dynamicParameters": {
    "periodAdjustment": {
      "basedOn": "volatility",
      "formula": "basePeriod * (1 + volatilityScore)"
    },
    "weightingStrategy": {
      "price": 0.6,
      "volume": 0.25,
      "time": 0.15
    }
  },
  "performanceMetrics": {
    "backtesting": {
      "hitRate": 0.88,
      "sharpeRatio": 1.65,
      "maxDrawdown": 8.3,
      "profitFactor": 2.1
    },
    "liveTrading": {
      "accuracy": 0.84,
      "avgHoldTime": "3.2 hours",
      "winRate": 69.7
    }
  },
  "tradingRules": {
    "entryConditions": [
      "trendStrength > 0.7",
      "volume > 1.2x average",
      "emaAlignment confirmed"
    ],
    "exitConditions": [
      "trendStrength < 0.4",
      "reversalProbability > 65%",
      "stopLoss triggered"
    ]
  },
  "compatibility": {
    "timeframes": ["5m", "15m", "1h", "4h", "1d"],
    "marketTypes": ["forex", "commodities", "indices"],
    "requiredRAM": 256,
    "maxLatency": 150
  },
  "created": "2023-06-15",
  "lastUpdated": "2024-02-28",
  "author": "TradeTellerAI Trend Team",
  "license": "Proprietary"
}