{
  "modelName": "VectorProbability Pro",
  "version": "4.7.2",
  "modelType": "time-aware-directional-prediction",
  "architecture": {
    "coreEngine": "Temporal Fusion Transformer",
    "featureExtractors": [
      {
        "name": "technical",
        "type": "dilated-cnn",
        "channels": [32, 64, 128],
        "dilations": [1, 2, 4]
      },
      {
        "name": "contextual",
        "type": "multi-head-attention",
        "heads": 6,
        "keyDim": 64
      }
    ],
    "fusionNetwork": {
      "type": "gated-residual",
      "layers": [
        {
          "units": 128,
          "activation": "gelu",
          "skipConnection": true
        },
        {
          "units": 64,
          "activation": "gelu",
          "skipConnection": false
        }
      ]
    },
    "outputHeads": [
      {
        "name": "probabilityDistribution",
        "type": "vonMises-Fisher",
        "parameters": ["mu", "kappa"],
        "dimensions": 3
      },
      {
        "name": "timeDecay",
        "type": "weibull",
        "parameters": ["lambda", "k"]
      }
    ]
  },
  "probabilityModel": {
    "outputSpace": "spherical",
    "dimensions": [
      {
        "name": "up",
        "angleRange": [0, 60],
        "confidenceThreshold": 0.7
      },
      {
        "name": "neutral",
        "angleRange": [60, 120],
        "confidenceThreshold": 0.4
      },
      {
        "name": "down",
        "angleRange": [120, 180],
        "confidenceThreshold": 0.7
      }
    ],
    "dynamicScaling": {
      "volatilityAdjustment": true,
      "liquidityFactor": true,
      "timeToEvent": true
    }
  },
  "trainingConfig": {
    "dataset": {
      "size": "4.2M vector-samples",
      "timeRange": "2010-2024",
      "marketRegimes": [
        "bull",
        "bear",
        "range",
        "high-vol",
        "low-vol"
      ],
      "augmentations": [
        "volatility-scaling",
        "time-warping",
        "regime-mixing"
      ]
    },
    "hyperparameters": {
      "learningRate": {
        "initial": 0.0005,
        "schedule": "triangular-cyclic",
        "maxLR": 0.0015
      },
      "batchSize": 1024,
      "epochs": 200,
      "validationSplit": 0.2
    },
    "lossFunctions": {
      "direction": "angular-loss",
      "confidence": "nll-loss",
      "regularization": [
        "orthogonal(0.01)",
        "temporal-smoothness(0.1)"
      ]
    }
  },
  "inputSpecification": {
    "temporalWindows": [
      {
        "name": "short-term",
        "periods": 20,
        "resolution": "1m"
      },
      {
        "name": "medium-term",
        "periods": 50,
        "resolution": "5m"
      },
      {
        "name": "long-term",
        "periods": 100,
        "resolution": "15m"
      }
    ],
    "featureGroups": [
      {
        "name": "priceDynamics",
        "features": ["returns", "volatility", "autocorrelation"]
      },
      {
        "name": "liquidity",
        "features": ["depth", "spread", "slippage"]
      },
      {
        "name": "sentiment",
        "features": ["news", "social", "earnings"]
      }
    ],
    "contextFeatures": [
      "marketHours",
      "macroEvents",
      "sectorRotation"
    ]
  },
  "outputSpecification": {
    "primaryOutput": {
      "name": "directionVector",
      "type": "spherical-coordinates",
      "components": [
        {
          "name": "upProbability",
          "range": [0, 1],
          "confidenceInterval": 0.9
        },
        {
          "name": "neutralProbability",
          "range": [0, 1],
          "confidenceInterval": 0.8
        },
        {
          "name": "downProbability",
          "range": [0, 1],
          "confidenceInterval": 0.9
        }
      ]
    },
    "secondaryOutputs": [
      {
        "name": "timeHorizon",
        "type": "distribution",
        "parameters": {
          "peak": "weibull-mode",
          "decay": "half-life"
        }
      },
      {
        "name": "regimeContext",
        "type": "categorical",
        "classes": ["trending", "mean-reverting", "shock"]
      }
    ]
  },
  "dynamicParameters": {
    "volatilityScaling": {
      "formula": "kappa = baseKappa * (1 + volScore)"
    },
    "liquidityAdjustment": {
      "formula": "mu = baseMu * liquidityFactor"
    },
    "eventProximity": {
      "formula": "confidence = baseConfidence * eventDecay"
    }
  },
  "performanceMetrics": {
    "angularAccuracy": {
      "bullMarkets": 0.84,
      "bearMarkets": 0.82,
      "rangingMarkets": 0.71
    },
    "timingPrecision": {
      "earlySignals": 0.68,
      "peakSignals": 0.91,
      "lateSignals": 0.73
    },
    "tradingMetrics": {
      "winRate": 74.2,
      "sharpeRatio": 2.03,
      "maxDrawdown": 7.5
    }
  },
  "compatibility": {
    "timeframes": ["1m", "5m", "15m", "1h", "4h"],
    "assetClasses": ["equities", "forex", "crypto"],
    "resourceRequirements": {
      "minimumRAM": 4096,
      "recommendedRAM": 8192,
      "latency": "150ms p99"
    }
  },
  "created": "2023-09-12",
  "lastUpdated": "2024-03-01",
  "author": "TradeTellerAI Quant Research",
  "license": "Proprietary"
}