{
  "modelId": "macd-fusion-pro-v3",
  "displayName": "MACD Fusion Pro",
  "category": "trend-momentum",
  "purpose": "Detect high-probability MACD crossovers and divergences with integrated volume analysis",
  "technicalSpecifications": {
    "calculationMethod": "EMA-based",
    "defaultParameters": {
      "fastEMA": 12,
      "slowEMA": 26,
      "signalEMA": 9,
      "priceSource": "close"
    },
    "timeframeOptimization": {
      "optimal": ["15m", "1h", "4h"],
      "acceptable": ["5m", "1d"],
      "notRecommended": ["1m", ">1d"]
    },
    "signalTypes": {
      "crossovers": {
        "bullish": true,
        "bearish": true,
        "zeroLine": true
      },
      "divergences": {
        "regular": true,
        "hidden": true,
        "extended": false
      }
    }
  },
  "versionHistory": [
    {
      "version": "2.0",
      "date": "2022-11-05",
      "changes": "Basic LSTM architecture"
    },
    {
      "version": "3.0",
      "date": "2023-07-20",
      "changes": "Added CNN divergence detector"
    },
    {
      "version": "3.2",
      "date": "2024-01-15",
      "changes": "Volume-spike integration layer"
    }
  ],
  "inputRequirements": {
    "minimumHistory": "50 periods",
    "requiredFeatures": [
      {
        "name": "priceData",
        "fields": ["open", "high", "low", "close"],
        "normalization": "percentage-change"
      },
      {
        "name": "volumeData",
        "processing": "log-normalized"
      },
      {
        "name": "rawMACD",
        "components": ["macdLine", "signalLine", "histogram"]
      }
    ],
    "dataQualityChecks": [
      "noMissingValues",
      "maxGapSize: 3 periods",
      "outlierThreshold: 4σ"
    ]
  },
  "outputSpecification": {
    "primaryOutput": {
      "name": "crossoverSignal",
      "type": "categorical",
      "classes": [
        {"name": "strong_bullish", "threshold": 0.85},
        {"name": "bullish", "threshold": 0.7},
        {"name": "neutral", "threshold": null},
        {"name": "bearish", "threshold": 0.7},
        {"name": "strong_bearish", "threshold": 0.85}
      ]
    },
    "secondaryOutputs": [
      {
        "name": "divergenceConfidence",
        "type": "continuous",
        "range": [0, 1]
      },
      {
        "name": "expectedDuration",
        "type": "discrete",
        "unit": "periods",
        "range": [1, 20]
      }
    ]
  },
  "performanceMetrics": {
    "backtesting": {
      "period": "2020-2023",
      "accuracy": 0.89,
      "precision": 0.91,
      "recall": 0.87,
      "profitFactor": 1.78
    },
    "liveResults": {
      "winRate": 71.3,
      "avgWinLossRatio": 1.32,
      "maxConsecutiveLosses": 4
    }
  },
  "marketConditions": {
    "bestPerformance": {
      "trendingMarkets": 0.92,
      "highVolatility": 0.88
    },
    "challengingConditions": {
      "choppyMarkets": 0.62,
      "newsEvents": 0.58,
      "lowLiquidity": 0.51
    }
  },
  "integration": {
    "requiredIndicators": ["EMA", "VolumeMA"],
    "compatibleWith": ["RSI", "BollingerBands"],
    "conflictsWith": ["Stochastic", "ParabolicSAR"],
    "memoryRequirements": {
      "minimum": 256,
      "recommended": 512
    }
  },
  "usageGuidelines": {
    "signalInterpretation": {
      "strongSignal": "Requires confirmation from price action",
      "weakSignal": "Wait for secondary confirmation",
      "divergence": "Higher timeframe confirmation recommended"
    },
    "riskManagement": {
      "recommendedStopLoss": "1.5x ATR",
      "takeProfitStrategy": "TrailingStop"
    }
  },
  "maintenance": {
    "retrainingSchedule": "quarterly",
    "dataDriftThreshold": 0.15,
    "performanceDecayAlert": 0.2
  },
  "references": {
    "whitePaper": "MACD Neural Fusion: Advanced Crossover Prediction (2023)",
    "researchBase": "Combines work from Pardo (2008) and Bao et al. (2021)"
  },
  "author": "TradeTellerAI Quantitative Research",
  "contact": "models@tradeteller.ai",
  "license": "Proprietary - Confidential"
}