{
  "modelName": "MACD Fusion Pro",
  "version": "3.2.1",
  "modelType": "trend-momentum",
  "architecture": {
    "type": "hybrid",
    "components": [
      {
        "name": "signal_line_predictor",
        "type": "lstm",
        "layers": [
          {
            "units": 50,
            "returnSequences": true,
            "inputShape": [26, 4]
          },
          {
            "units": 30,
            "returnSequences": false
          }
        ]
      },
      {
        "name": "divergence_detector",
        "type": "conv1d",
        "layers": [
          {
            "filters": 32,
            "kernelSize": 3,
            "activation": "relu"
          },
          {
            "filters": 16,
            "kernelSize": 2,
            "activation": "relu"
          }
        ]
      }
    ],
    "fusionLayer": {
      "type": "attention",
      "units": 20
    }
  },
  "macdParameters": {
    "fastPeriod": 12,
    "slowPeriod": 26,
    "signalPeriod": 9,
    "smoothing": "ema",
    "priceSource": "close"
  },
  "trainingConfig": {
    "dataset": {
      "size": "1.2M samples",
      "timeRange": "2015-2024",
      "instruments": ["Forex", "Indices", "Crypto"]
    },
    "hyperparameters": {
      "learningRate": 0.001,
      "batchSize": 64,
      "epochs": 150,
      "validationSplit": 0.15,
      "earlyStopping": {
        "patience": 10,
        "minDelta": 0.001
      }
    },
    "lossFunctions": {
      "main": "huber",
      "auxiliary": "cosineSimilarity"
    }
  },
  "inputFeatures": [
    "macdLine",
    "signalLine",
    "histogram",
    "priceDistanceToMA",
    "volumeSpike",
    "trendStrength"
  ],
  "outputSignals": [
    {
      "name": "trendDirection",
      "classes": ["bullish", "bearish", "ranging"]
    },
    {
      "name": "crossoverConfidence",
      "type": "continuous",
      "range": [0, 1]
    },
    {
      "name": "divergenceType",
      "classes": ["regular", "hidden", "none"]
    }
  ],
  "thresholds": {
    "strongSignal": 0.82,
    "weakSignal": 0.63,
    "histogramReversal": 0.4
  },
  "performanceMetrics": {
    "backtest": {
      "accuracy": 0.91,
      "precision": 0.89,
      "recall": 0.93,
      "auc": 0.94
    },
    "live": {
      "winRate": 72.5,
      "profitFactor": 1.8,
      "maxDrawdown": 9.2
    }
  },
  "tradingRules": {
    "confirmedEntry": {
      "conditions": [
        "crossoverConfidence > 0.8",
        "trendDirection matches crossover",
        "volumeSpike > 1.5x average"
      ]
    },
    "exitConditions": [
      "oppositeCrossover",
      "divergenceDetected",
      "stopLossTriggered"
    ]
  },
  "compatibility": {
    "timeframes": ["5m", "15m", "1h", "4h"],
    "marketTypes": ["forex", "equities", "crypto"],
    "requiredRAM": 512,
    "maxLatency": 120
  },
  "created": "2023-09-10",
  "lastUpdated": "2024-02-15",
  "author": "TradeTellerAI Quant Team",
  "license": "Proprietary"
}