{
  "modelId": "rsi-pro-v2.1",
  "displayName": "RSI Pro Predictor",
  "category": "technical-indicator",
  "purpose": "Identify overbought/oversold conditions and predict RSI trend reversals",
  "technicalDetails": {
    "calculationPeriod": 14,
    "timeframesSupported": ["1m", "5m", "15m", "1h", "4h", "1d"],
    "marketConditions": {
      "bestPerformance": ["high-volatility", "trending"],
      "limitations": ["low-liquidity", "news-events"]
    },
    "signalTypes": {
      "divergence": true,
      "failureSwings": true,
      "centerLineCross": true
    }
  },
  "versionHistory": [
    {
      "version": "1.0.0",
      "date": "2022-05-10",
      "changes": "Initial RSI baseline model"
    },
    {
      "version": "2.0.0",
      "date": "2023-08-15",
      "changes": "Added volume-weighted RSI calculation"
    },
    {
      "version": "2.1.0",
      "date": "2024-01-20",
      "changes": "Dynamic threshold adaptation layer"
    }
  ],
  "inputSpecification": {
    "requiredDataPoints": 50,
    "minimumHistory": "14 periods",
    "dataFields": [
      {
        "name": "close",
        "type": "number",
        "normalization": "percentage-change"
      },
      {
        "name": "volume",
        "type": "number",
        "normalization": "log-scale"
      },
      {
        "name": "prevRSI",
        "type": "number",
        "range": [0, 100]
      }
    ]
  },
  "outputSpecification": {
    "confidenceThreshold": 0.65,
    "outputFormat": {
      "signal": {
        "type": "string",
        "values": ["strong_buy", "buy", "neutral", "sell", "strong_sell"]
      },
      "confidence": {
        "type": "number",
        "range": [0, 1]
      },
      "timeHorizon": {
        "type": "number",
        "unit": "periods",
        "range": [1, 10]
      }
    }
  },
  "performanceBenchmarks": {
    "backtesting": {
      "accuracy": 0.87,
      "precision": 0.89,
      "recall": 0.85,
      "sharpeRatio": 1.2
    },
    "liveTesting": {
      "winRate": 68.3,
      "profitFactor": 1.45,
      "maxDrawdown": 12.7
    }
  },
  "integration": {
    "requiredAPIs": ["marketData", "historicalPrices"],
    "compatibleIndicators": ["MACD", "BollingerBands", "VolumeProfile"],
    "conflictingIndicators": ["Stochastic", "WilliamsR"]
  },
  "modelDependencies": {
    "core": "tensorflowjs 3.18.0",
    "preprocessing": ["dataNormalizer", "featureEngineer"]
  },
  "usageGuidelines": {
    "recommendedPairs": ["EUR/USD", "BTC/USD", "SP500"],
    "avoidPairs": ["illiquid-stocks", "cryptos < 1B marketcap"],
    "optimalUsage": {
      "entry": ["oversold + bullish divergence"],
      "exit": ["overbought + bearish divergence"]
    }
  },
  "maintenance": {
    "retrainingSchedule": "monthly",
    "dataDriftMonitoring": true,
    "performanceAlertThreshold": 0.15
  },
  "documentation": {
    "researchPaper": "Enhanced RSI Prediction Using Neural Networks - Journal of Trading Tech 2023",
    "userGuide": "/docs/rsi-pro-guide"
  }
}