{
  "modelName": "RSI Predictor Pro",
  "version": "2.1.0",
  "modelType": "technical-indicator",
  "architecture": {
    "type": "sequential",
    "layers": [
      {
        "type": "dense",
        "units": 64,
        "activation": "relu",
        "inputShape": [14]
      },
      {
        "type": "dropout",
        "rate": 0.2
      },
      {
        "type": "dense",
        "units": 32,
        "activation": "relu"
      },
      {
        "type": "dense",
        "units": 3,
        "activation": "softmax"
      }
    ]
  },
  "trainingConfig": {
    "lookbackWindow": 14,
    "optimizer": "adam",
    "loss": "categoricalCrossentropy",
    "metrics": ["accuracy"],
    "epochs": 100,
    "batchSize": 32,
    "validationSplit": 0.2,
    "classWeights": {
      "oversold": 1.5,
      "neutral": 1.0,
      "overbought": 1.3
    }
  },
  "inputFeatures": [
    "closePrice",
    "highPrice",
    "lowPrice",
    "volume",
    "priceChange",
    "prevRSI"
  ],
  "outputClasses": [
    "oversold",
    "neutral",
    "overbought"
  ],
  "thresholds": {
    "oversold": 30,
    "overbought": 70,
    "strongSignal": 0.75
  },
  "normalization": {
    "method": "min-max",
    "range": [0, 1]
  },
  "performanceMetrics": {
    "trainingAccuracy": 0.92,
    "validationAccuracy": 0.89,
    "precision": 0.91,
    "recall": 0.88,
    "f1Score": 0.89
  },
  "createdAt": "2023-11-15T08:30:00Z",
  "lastUpdated": "2024-01-20T14:45:00Z",
  "compatibility": {
    "tensorflowjs": "3.18.0",
    "chromeExtension": "manifest-v3"
  },
  "description": "Advanced RSI prediction model with dynamic threshold adaptation. Combines traditional RSI calculation with neural network pattern recognition for improved accuracy in volatile markets.",
  "author": "TradeTellerAI Team",
  "license": "Proprietary"
}