{
  "modelId": "sentimentsense-pro-v4",
  "displayName": "SentimentSense Pro",
  "category": "financial-nlp",
  "purpose": "Multi-source financial sentiment analysis with market impact scoring",
  "technicalSpecifications": {
    "analysisType": "hybrid (rule-based + ML)",
    "inputModalities": ["text", "metadata", "temporal-context"],
    "processingLayers": [
      {
        "name": "financial-entity-recognition",
        "type": "domain-adapted-ner",
        "precision": 0.94
      },
      {
        "name": "sentiment-core",
        "type": "transformer-based",
        "model": "DistilBERT-Fin"
      },
      {
        "name": "impact-assessment",
        "type": "graph-neural-network",
        "entities": ["tickers", "executives", "policies"]
      }
    ],
    "languageSupport": {
      "primary": "en",
      "secondary": ["es", "de", "jp"],
      "detection": "auto"
    }
  },
  "versionHistory": [
    {
      "version": "3.0",
      "date": "2022-11-10",
      "changes": "Basic BERT sentiment classification"
    },
    {
      "version": "3.5",
      "date": "2023-04-15",
      "changes": "Added earnings call analysis"
    },
    {
      "version": "4.0",
      "date": "2023-12-01",
      "changes": "Multi-source hybrid architecture"
    }
  ],
  "inputRequirements": {
    "supportedSources": [
      {
        "type": "news",
        "formats": ["headline", "article", "alert"],
        "requiredFields": ["source", "timestamp"],
        "optionalFields": ["author", "section"]
      },
      {
        "type": "social",
        "formats": ["tweet", "post", "comment"],
        "requiredFields": ["timestamp"],
        "optionalFields": ["likes", "authorType"]
      },
      {
        "type": "transcripts",
        "formats": ["earnings", "conference", "interview"],
        "requiredFields": ["speaker", "section"]
      }
    ],
    "dataQuality": {
      "minimumLength": 10,
      "maximumLength": 1024,
      "languageConfidence": 0.8
    }
  },
  "outputSpecification": {
    "sentimentOutput": {
      "type": "ordinal-scale",
      "levels": [
        {
          "name": "strong_negative",
          "scoreRange": [-1.0, -0.6],
          "marketImpact": "high"
        },
        {
          "name": "negative",
          "scoreRange": [-0.6, -0.2],
          "marketImpact": "medium"
        },
        {
          "name": "neutral",
          "scoreRange": [-0.2, 0.2],
          "marketImpact": "low"
        },
        {
          "name": "positive",
          "scoreRange": [0.2, 0.6],
          "marketImpact": "medium"
        },
        {
          "name": "strong_positive",
          "scoreRange": [0.6, 1.0],
          "marketImpact": "high"
        }
      ]
    },
    "impactOutput": {
      "type": "composite-score",
      "components": [
        {
          "name": "sourceAuthority",
          "weight": 0.3
        },
        {
          "name": "entityCentrality",
          "weight": 0.4
        },
        {
          "name": "sentimentStrength",
          "weight": 0.3
        }
      ],
      "normalization": "dynamic-percentile"
    }
  },
  "performanceMetrics": {
    "accuracy": {
      "news": 0.89,
      "social": 0.83,
      "transcripts": 0.91
    },
    "latency": {
      "p95": "85ms",
      "p99": "120ms"
    },
    "marketCorrelation": {
      "15min": 0.72,
      "1h": 0.68,
      "4h": 0.61
    }
  },
  "marketConditions": {
    "bestPerformance": {
      "earningsSeason": 0.93,
      "highNewsFlow": 0.91
    },
    "challenges": {
      "quietPeriods": 0.65,
      "marketCrisis": 0.58
    }
  },
  "integration": {
    "requiredServices": ["entityDatabase", "sourceReputation"],
    "recommendedPairings": ["technicalAnalysis", "volumeSpikes"],
    "conflictsWith": ["manualOverrides"],
    "resourceRequirements": {
      "minimumRAM": 1024,
      "recommendedRAM": 2048,
      "processingWindow": "10m rolling"
    }
  },
  "usageGuidelines": {
    "tradingSignals": {
      "strongSentiment": "Confirm with price action",
      "divergence": "Sentiment vs price disconnect",
      "surgeDetection": "Unusual sentiment velocity"
    },
    "riskManagement": {
      "falsePositiveMitigation": "Multi-source confirmation",
      "blackoutPeriods": "Avoid post-earnings noise"
    }
  },
  "maintenance": {
    "retrainingCycle": "monthly",
    "vocabularyUpdates": "weekly",
    "performanceDecayAlert": 0.15
  },
  "regulatory": {
    "dataPrivacy": "GDPR compliant",
    "biasMitigation": [
      "sourceBalancing",
      "counterfactualAugmentation"
    ],
    "auditLogging": "full"
  },
  "references": {
    "researchPapers": [
      "Financial Sentiment Analysis (Malo et al., 2014)",
      "Transformer Markets (Liu et al., 2021)"
    ],
    "financialStandards": ["Loughran-McDonald", "Harvard-IV"]
  },
  "author": "TradeTellerAI NLP Research",
  "contact": "sentiment-support@tradeteller.ai",
  "license": "Proprietary - Source Confidential"
}