{
  "modelName": "SentimentSense Pro",
  "version": "4.3.1",
  "modelType": "multi-source-sentiment-analysis",
  "architecture": {
    "type": "hybrid-transformer",
    "baseModel": "DistilBERT",
    "customLayers": {
      "financialAttention": {
        "type": "domain-adapted",
        "heads": 8,
        "dimension": 512
      },
      "temporalEncoder": {
        "type": "bi-LSTM",
        "units": 256
      }
    },
    "fusionMechanism": "dynamic-gating",
    "outputHeads": [
      {
        "name": "sentiment",
        "type": "ordinal",
        "classes": ["strong_negative", "negative", "neutral", "positive", "strong_positive"]
      },
      {
        "name": "impactScore",
        "type": "regression",
        "range": [0, 1]
      }
    ]
  },
  "dataSources": {
    "textTypes": [
      {
        "source": "news",
        "preprocessing": ["entity-recognition", "headline-extraction", "source-weighting"]
      },
      {
        "source": "social",
        "preprocessing": ["noise-reduction", "emoticon-conversion", "slang-normalization"]
      },
      {
        "source": "transcripts",
        "preprocessing": ["speaker-tagging", "section-segmentation", "q&a-isolation"]
      }
    ],
    "financialEntities": {
      "recognized": ["companies", "currencies", "commodities", "indices"],
      "relationshipModel": "knowledge-graph"
    }
  },
  "trainingConfig": {
    "datasets": {
      "core": {
        "name": "FinSentiment-5M",
        "samples": "5.2M",
        "timeRange": "2010-2024"
      },
      "specialized": [
        {
          "name": "EarningsCall-1M",
          "type": "transcripts"
        },
        {
          "name": "CryptoTwitter-800K",
          "type": "social"
        }
      ],
      "augmentations": [
        "entity-swapping",
        "sentiment-preserving-paraphrase",
        "style-transfer"
      ]
    },
    "hyperparameters": {
      "learningRate": {
        "initial": 2e-5,
        "schedule": "linear-warmup",
        "steps": 10000
      },
      "batchSize": 32,
      "epochs": 10,
      "classWeights": {
        "neutral": 1.0,
        "positive": 1.3,
        "negative": 1.5
      }
    },
    "lossFunctions": {
      "sentiment": "ordinal-logistic",
      "impact": "huber",
      "regularization": [
        "l2(0.01)",
        "attention-dropout(0.1)"
      ]
    }
  },
  "inputSpecification": {
    "textProcessing": {
      "maxLength": 512,
      "tokenization": "financial-aware",
      "specialTokens": ["<ticker>", "<currency>", "<percent>"]
    },
    "contextFeatures": [
      {
        "name": "sourceReputation",
        "type": "continuous",
        "range": [0, 1]
      },
      {
        "name": "authorInfluence",
        "type": "discrete",
        "levels": 5
      },
      {
        "name": "timeSensitivity",
        "type": "categorical",
        "values": ["high", "medium", "low"]
      }
    ],
    "temporalWindows": {
      "news": "24h",
      "social": "4h",
      "transcripts": "immediate"
    }
  },
  "outputSpecification": {
    "sentimentOutput": {
      "type": "distribution",
      "confidenceThreshold": 0.7,
      "interpretation": {
        "strong_negative": [-1.0, -0.6],
        "negative": [-0.6, -0.2],
        "neutral": [-0.2, 0.2],
        "positive": [0.2, 0.6],
        "strong_positive": [0.6, 1.0]
      }
    },
    "impactOutput": {
      "type": "composite",
      "factors": [
        "sourceAuthority",
        "entityRelevance",
        "sentimentStrength",
        "marketContext"
      ],
      "normalization": "dynamic-minmax"
    },
    "explainability": {
      "attentionVisualization": true,
      "keyPhraseExtraction": true,
      "counterfactualAnalysis": true
    }
  },
  "performanceMetrics": {
    "accuracy": {
      "news": 0.89,
      "social": 0.83,
      "transcripts": 0.91
    },
    "financialRelevance": 0.93,
    "latency": {
      "cpu": "120ms",
      "gpu": "45ms"
    },
    "marketCorrelation": {
      "positive": 0.78,
      "negative": 0.82
    }
  },
  "deployment": {
    "maxConcurrent": 16,
    "memoryFootprint": "1.2GB",
    "privacy": {
      "dataRetention": "ephemeral",
      "anonymization": "full"
    }
  },
  "compatibility": {
    "languages": ["en"],
    "markets": ["global"],
    "updateFrequency": "weekly"
  },
  "created": "2023-05-20",
  "lastUpdated": "2024-03-05",
  "author": "TradeTellerAI NLP Labs",
  "license": "Proprietary"
}