{
  "modelName": "AlphaSignal Fusion",
  "version": "5.2.1",
  "modelType": "ensemble-decision-system",
  "architecture": {
    "fusionMethod": "attention-weighted",
    "baseModels": [
      {
        "name": "technical",
        "type": "tcn",
        "weight": 0.4,
        "inputFeatures": ["rsi", "macd", "ema_cluster"]
      },
      {
        "name": "pattern",
        "type": "conv3d",
        "weight": 0.3,
        "inputFeatures": ["candle_patterns", "chart_patterns"]
      },
      {
        "name": "sentiment",
        "type": "transformer",
        "weight": 0.2,
        "inputFeatures": ["news_score", "social_sentiment"]
      },
      {
        "name": "flow",
        "type": "graph-net",
        "weight": 0.1,
        "inputFeatures": ["order_flow", "liquidity"]
      }
    ],
    "metaLearner": {
      "type": "gated-recurrent-unit",
      "layers": [
        {
          "units": 64,
          "activation": "swish"
        },
        {
          "units": 32,
          "activation": "swish"
        }
      ]
    },
    "decisionHead": {
      "type": "temporal-fusion",
      "outputs": [
        {
          "name": "direction",
          "type": "ordinal",
          "classes": ["strong_sell", "sell", "hold", "buy", "strong_buy"]
        },
        {
          "name": "confidence",
          "type": "beta-distribution",
          "parameters": ["alpha", "beta"]
        }
      ]
    }
  },
  "trainingConfig": {
    "dataset": {
      "size": "3.8M samples",
      "timeRange": "2012-2024",
      "markets": ["forex", "equities", "crypto"],
      "balance": {
        "buy": 32,
        "sell": 28,
        "hold": 40
      }
    },
    "hyperparameters": {
      "learningRate": {
        "initial": 0.0001,
        "schedule": "cosine-annealing",
        "cycleLength": 10000
      },
      "batchSize": 512,
      "epochs": 150,
      "validationSplit": 0.15
    },
    "lossFunctions": {
      "primary": "ordinal-focal",
      "secondary": [
        "kl-divergence",
        "temporal-smoothness"
      ],
      "regularization": {
        "activity": "l1_l2",
        "weight": 0.001
      }
    }
  },
  "featureEngineering": {
    "technical": {
      "normalization": "robust-scaler",
      "lookbackWindow": 50
    },
    "pattern": {
      "normalization": "min-max",
      "dimensions": [10, 10, 5]
    },
    "sentiment": {
      "normalization": "z-score",
      "temporalDecay": "exponential(halflife=4h)"
    },
    "flow": {
      "normalization": "quantile",
      "bins": 20
    }
  },
  "decisionLogic": {
    "votingWeights": {
      "intraday": {
        "technical": 0.5,
        "pattern": 0.3,
        "sentiment": 0.1,
        "flow": 0.1
      },
      "swing": {
        "technical": 0.4,
        "pattern": 0.2,
        "sentiment": 0.3,
        "flow": 0.1
      }
    },
    "confidenceThresholds": {
      "minimum": 0.65,
      "strongSignal": 0.85,
      "holdBand": [0.4, 0.6]
    },
    "overrides": {
      "riskOffMode": true,
      "liquidityCrush": true,
      "newsShock": true
    }
  },
  "outputSpecification": {
    "tradingSignals": {
      "type": "multi-dimensional",
      "dimensions": [
        {
          "name": "direction",
          "type": "ordinal",
          "levels": 5
        },
        {
          "name": "horizon",
          "type": "discrete",
          "values": ["intraday", "swing", "position"]
        },
        {
          "name": "risk",
          "type": "continuous",
          "range": [0, 1]
        }
      ]
    },
    "auxiliaryOutputs": [
      {
        "name": "modelContributions",
        "type": "distribution",
        "components": ["technical", "pattern", "sentiment", "flow"]
      },
      {
        "name": "featureImportance",
        "type": "attention-weights"
      }
    ]
  },
  "performanceMetrics": {
    "backtesting": {
      "accuracy": 0.82,
      "precision": 0.85,
      "recall": 0.80,
      "sharpeRatio": 1.95
    },
    "liveTrading": {
      "winRate": 73.4,
      "profitFactor": 2.1,
      "maxDrawdown": 8.7
    }
  },
  "compatibility": {
    "timeframes": ["5m", "15m", "1h", "4h", "1d"],
    "requiredFeatures": [
      "technical_indicators",
      "pattern_recognition",
      "sentiment_scores",
      "order_flow"
    ],
    "resourceRequirements": {
      "minimumRAM": 2048,
      "recommendedRAM": 4096,
      "latency": "200ms p99"
    }
  },
  "created": "2023-07-18",
  "lastUpdated": "2024-02-28",
  "author": "TradeTellerAI Alpha Team",
  "license": "Proprietary"
}